{
    "O": {
        "precision": 0.9367576739163967,
        "recall": 0.9379150579150579,
        "f1-score": 0.9373360086433092,
        "support": 12950.0
    },
    "I": {
        "precision": 0.8947368421052632,
        "recall": 0.8928664750457277,
        "f1-score": 0.8938006800941668,
        "support": 7654.0
    },
    "accuracy": 0.9211803533294506,
    "macro avg": {
        "precision": 0.9157472580108299,
        "recall": 0.9153907664803929,
        "f1-score": 0.915568344368738,
        "support": 20604.0
    },
    "weighted avg": {
        "precision": 0.9211477221263357,
        "recall": 0.9211803533294506,
        "f1-score": 0.9211634496880026,
        "support": 20604.0
    }
}