{
    "O": {
        "precision": 0.9264900662251656,
        "recall": 0.9648275862068966,
        "f1-score": 0.9452702702702704,
        "support": 1450.0
    },
    "I": {
        "precision": 0.9397163120567376,
        "recall": 0.8774834437086093,
        "f1-score": 0.9075342465753424,
        "support": 906.0
    },
    "accuracy": 0.931239388794567,
    "macro avg": {
        "precision": 0.9331031891409516,
        "recall": 0.9211555149577529,
        "f1-score": 0.9264022584228064,
        "support": 2356.0
    },
    "weighted avg": {
        "precision": 0.9315762201824678,
        "recall": 0.931239388794567,
        "f1-score": 0.9307588791549882,
        "support": 2356.0
    }
}