{
    "O": {
        "precision": 0.9270903010033444,
        "recall": 0.9558620689655173,
        "f1-score": 0.9412563667232599,
        "support": 1450.0
    },
    "I": {
        "precision": 0.9256678281068524,
        "recall": 0.8796909492273731,
        "f1-score": 0.9020939445387663,
        "support": 906.0
    },
    "accuracy": 0.9265704584040747,
    "macro avg": {
        "precision": 0.9263790645550984,
        "recall": 0.9177765090964451,
        "f1-score": 0.9216751556310131,
        "support": 2356.0
    },
    "weighted avg": {
        "precision": 0.9265432889302453,
        "recall": 0.9265704584040747,
        "f1-score": 0.9261964539477289,
        "support": 2356.0
    }
}