{
    "O": {
        "precision": 0.9506813757300454,
        "recall": 0.9819034852546917,
        "f1-score": 0.9660402242004615,
        "support": 1492.0
    },
    "I": {
        "precision": 0.9123376623376623,
        "recall": 0.7871148459383753,
        "f1-score": 0.8451127819548871,
        "support": 357.0
    },
    "accuracy": 0.9442942130881558,
    "macro avg": {
        "precision": 0.9315095190338538,
        "recall": 0.8845091655965336,
        "f1-score": 0.9055765030776743,
        "support": 1849.0
    },
    "weighted avg": {
        "precision": 0.943278073576946,
        "recall": 0.9442942130881558,
        "f1-score": 0.942691875427249,
        "support": 1849.0
    }
}