{
    "O": {
        "precision": 0.949185667752443,
        "recall": 0.9765415549597856,
        "f1-score": 0.9626693095474067,
        "support": 1492.0
    },
    "I": {
        "precision": 0.8885350318471338,
        "recall": 0.7815126050420168,
        "f1-score": 0.8315946348733234,
        "support": 357.0
    },
    "accuracy": 0.9388858842617631,
    "macro avg": {
        "precision": 0.9188603497997884,
        "recall": 0.8790270800009012,
        "f1-score": 0.897131972210365,
        "support": 1849.0
    },
    "weighted avg": {
        "precision": 0.9374754043569885,
        "recall": 0.9388858842617631,
        "f1-score": 0.9373617601376459,
        "support": 1849.0
    }
}