{
    "O": {
        "precision": 0.9380204996796925,
        "recall": 0.9388474793620262,
        "f1-score": 0.9384338073302624,
        "support": 12477.0
    },
    "I": {
        "precision": 0.9017765190525232,
        "recall": 0.9005013497878904,
        "f1-score": 0.901138483308677,
        "support": 7779.0
    },
    "accuracy": 0.9241212480252765,
    "macro avg": {
        "precision": 0.9198985093661078,
        "recall": 0.9196744145749582,
        "f1-score": 0.9197861453194697,
        "support": 20256.0
    },
    "weighted avg": {
        "precision": 0.9241015657688141,
        "recall": 0.9241212480252765,
        "f1-score": 0.92411112143157,
        "support": 20256.0
    }
}