{
    "O": {
        "precision": 0.936173620565388,
        "recall": 0.9369239400496915,
        "f1-score": 0.9365486300272392,
        "support": 12477.0
    },
    "I": {
        "precision": 0.8986999613849916,
        "recall": 0.8975446715516133,
        "f1-score": 0.8981219449446873,
        "support": 7779.0
    },
    "accuracy": 0.9218009478672986,
    "macro avg": {
        "precision": 0.9174367909751898,
        "recall": 0.9172343058006525,
        "f1-score": 0.9173352874859633,
        "support": 20256.0
    },
    "weighted avg": {
        "precision": 0.9217824478380824,
        "recall": 0.9218009478672986,
        "f1-score": 0.9217914626073551,
        "support": 20256.0
    }
}