{
    "O": {
        "precision": 0.9352056962025317,
        "recall": 0.9225786310778116,
        "f1-score": 0.928849251561702,
        "support": 12813.0
    },
    "I": {
        "precision": 0.8746683512318383,
        "recall": 0.8942133815551537,
        "f1-score": 0.8843328862489621,
        "support": 7742.0
    },
    "accuracy": 0.9118949160788129,
    "macro avg": {
        "precision": 0.904937023717185,
        "recall": 0.9083960063164827,
        "f1-score": 0.906591068905332,
        "support": 20555.0
    },
    "weighted avg": {
        "precision": 0.9124044252337596,
        "recall": 0.9118949160788129,
        "f1-score": 0.91208225081973,
        "support": 20555.0
    }
}