{
    "O": {
        "precision": 0.9225678358702846,
        "recall": 0.9613793103448276,
        "f1-score": 0.9415737926376224,
        "support": 1450.0
    },
    "I": {
        "precision": 0.9337278106508876,
        "recall": 0.8708609271523179,
        "f1-score": 0.9011993146773272,
        "support": 906.0
    },
    "accuracy": 0.9265704584040747,
    "macro avg": {
        "precision": 0.9281478232605861,
        "recall": 0.9161201187485728,
        "f1-score": 0.9213865536574748,
        "support": 2356.0
    },
    "weighted avg": {
        "precision": 0.9268594051195317,
        "recall": 0.9265704584040747,
        "f1-score": 0.9260477837106158,
        "support": 2356.0
    }
}