{
    "O": {
        "precision": 0.9489664082687338,
        "recall": 0.9845844504021448,
        "f1-score": 0.9664473684210525,
        "support": 1492.0
    },
    "I": {
        "precision": 0.9235880398671097,
        "recall": 0.7787114845938375,
        "f1-score": 0.844984802431611,
        "support": 357.0
    },
    "accuracy": 0.944835045970795,
    "macro avg": {
        "precision": 0.9362772240679218,
        "recall": 0.8816479674979911,
        "f1-score": 0.9057160854263318,
        "support": 1849.0
    },
    "weighted avg": {
        "precision": 0.9440664204269925,
        "recall": 0.944835045970795,
        "f1-score": 0.9429956993792836,
        "support": 1849.0
    }
}