{
    "O": {
        "precision": 0.9104575163398693,
        "recall": 0.9606896551724138,
        "f1-score": 0.9348993288590602,
        "support": 1450.0
    },
    "I": {
        "precision": 0.9309927360774818,
        "recall": 0.8487858719646799,
        "f1-score": 0.8879907621247112,
        "support": 906.0
    },
    "accuracy": 0.9176570458404074,
    "macro avg": {
        "precision": 0.9207251262086755,
        "recall": 0.9047377635685468,
        "f1-score": 0.9114450454918857,
        "support": 2356.0
    },
    "weighted avg": {
        "precision": 0.9183543368331956,
        "recall": 0.9176570458404074,
        "f1-score": 0.916860635539315,
        "support": 2356.0
    }
}