{
    "O": {
        "precision": 0.9380656331156055,
        "recall": 0.930886372510738,
        "f1-score": 0.9344622138601443,
        "support": 12805.0
    },
    "I": {
        "precision": 0.8873042149497008,
        "recall": 0.8985170857511283,
        "f1-score": 0.892875448487955,
        "support": 7755.0
    },
    "accuracy": 0.9186770428015564,
    "macro avg": {
        "precision": 0.9126849240326531,
        "recall": 0.9147017291309332,
        "f1-score": 0.9136688311740496,
        "support": 20560.0
    },
    "weighted avg": {
        "precision": 0.918918998977639,
        "recall": 0.9186770428015564,
        "f1-score": 0.9187761552287567,
        "support": 20560.0
    }
}