{
    "O": {
        "precision": 0.9276563677467973,
        "recall": 0.9392644590264001,
        "f1-score": 0.9334243251440704,
        "support": 13106.0
    },
    "I": {
        "precision": 0.900263124921689,
        "recall": 0.8821362799263351,
        "f1-score": 0.8911075282153045,
        "support": 8145.0
    },
    "accuracy": 0.9173685944190861,
    "macro avg": {
        "precision": 0.9139597463342432,
        "recall": 0.9107003694763676,
        "f1-score": 0.9122659266796874,
        "support": 21251.0
    },
    "weighted avg": {
        "precision": 0.9171571929874681,
        "recall": 0.9173685944190861,
        "f1-score": 0.9172053090514254,
        "support": 21251.0
    }
}