{
    "O": {
        "precision": 0.9553512803676953,
        "recall": 0.975201072386059,
        "f1-score": 0.9651741293532339,
        "support": 1492.0
    },
    "I": {
        "precision": 0.8865030674846626,
        "recall": 0.8095238095238095,
        "f1-score": 0.8462664714494875,
        "support": 357.0
    },
    "accuracy": 0.9432125473228772,
    "macro avg": {
        "precision": 0.920927173926179,
        "recall": 0.8923624409549342,
        "f1-score": 0.9057203004013608,
        "support": 1849.0
    },
    "weighted avg": {
        "precision": 0.9420582506222964,
        "recall": 0.9432125473228772,
        "f1-score": 0.9422157551663017,
        "support": 1849.0
    }
}