{
    "O": {
        "precision": 0.9439071566731141,
        "recall": 0.9812332439678284,
        "f1-score": 0.9622083470259613,
        "support": 1492.0
    },
    "I": {
        "precision": 0.9060402684563759,
        "recall": 0.7563025210084033,
        "f1-score": 0.8244274809160307,
        "support": 357.0
    },
    "accuracy": 0.9378042184964845,
    "macro avg": {
        "precision": 0.924973712564745,
        "recall": 0.8687678824881159,
        "f1-score": 0.8933179139709959,
        "support": 1849.0
    },
    "weighted avg": {
        "precision": 0.9365959186561451,
        "recall": 0.9378042184964845,
        "f1-score": 0.9356059840182569,
        "support": 1849.0
    }
}