{
    "O": {
        "precision": 0.9216073781291173,
        "recall": 0.9648275862068966,
        "f1-score": 0.9427223719676551,
        "support": 1450.0
    },
    "I": {
        "precision": 0.9391408114558473,
        "recall": 0.8686534216335541,
        "f1-score": 0.9025229357798163,
        "support": 906.0
    },
    "accuracy": 0.9278438030560272,
    "macro avg": {
        "precision": 0.9303740947924823,
        "recall": 0.9167405039202253,
        "f1-score": 0.9226226538737357,
        "support": 2356.0
    },
    "weighted avg": {
        "precision": 0.9283498614033181,
        "recall": 0.9278438030560272,
        "f1-score": 0.9272636753691058,
        "support": 2356.0
    }
}